SetNumber,PartID,Quantity,Colour,Category,DesignID,PartName,ImageURL,SetCount,Have,Missing
"10188-1",9339,6,"Black","Figure Parts",73200,"MINI BODY LOWER PART BLACK","https://www.lego.com/cdn/product-assets/element.img.lod5photo.192x192/9339.jpg",899
"10188-1",241226,18,"Black","Plates",2412,"RADIATOR GRILLE 1X2","https://www.lego.com/cdn/product-assets/element.img.lod5photo.192x192/241226.jpg",781
"10188-1",243626,6,"Black","Plates, Special",2436,"ANGLE PLATE 1X2/1X4","https://www.lego.com/cdn/product-assets/element.img.lod5photo.192x192/243626.jpg",155
"10188-1",244426,2,"Black","Plates, Special",2444,"TECHNIC BEARING PLATE 2X2","https://www.lego.com/cdn/product-assets/element.img.lod5photo.192x192/244426.jpg",121
"10188-1",244526,2,"Black","Plates",2445,"PLATE 2X12","https://www.lego.com/cdn/product-assets/element.img.lod5photo.192x192/244526.jpg",298
"10188-1",245426,7,"Black","Bricks",2454,"BRICK 1X2X5","https://www.lego.com/cdn/product-assets/element.img.lod5photo.192x192/245426.jpg",77
"10188-1",249626,2,"Black","Tyres And Rims, Special",2496,"WHEEL AXLE Ø8.2/Ø1.9","https://www.lego.com/cdn/product-assets/element.img.lod5photo.192x192/249626.jpg",280
"10188-1",281726,5,"Black","Plates, Special",2817,"TECHNIC DOUB. BEARING PL. 2X2","https://www.lego.com/cdn/product-assets/element.img.lod5photo.192x192/281726.jpg",247
"10188-1",287726,9,"Black","Bricks",2877,"PROFILE BRICK 1X2","https://www.lego.com/cdn/product-assets/element.img.lod5photo.192x192/287726.jpg",199
"10188-1",300426,38,"Black","Bricks",3004,"BRICK 1X2","https://www.lego.com/cdn/product-assets/element.img.lod5photo.192x192/300426.jpg",875
"10188-1",300526,28,"Black","Bricks",3005,"BRICK 1X1","https://www.lego.com/cdn/product-assets/element.img.lod5photo.192x192/300526.jpg",563
"10188-1",300826,5,"Black","Bricks",3008,"BRICK 1X8","https://www.lego.com/cdn/product-assets/element.img.lod5photo.192x192/300826.jpg",210
"10188-1",300926,5,"Black","Bricks",3009,"BRICK 1X6","https://www.lego.com/cdn/product-assets/element.img.lod5photo.192x192/300926.jpg",343
"10188-1",301026,7,"Black","Bricks",3010,"BRICK 1X4","https://www.lego.com/cdn/product-assets/element.img.lod5photo.192x192/301026.jpg",591
"10188-1",302026,3,"Black","Plates",3020,"PLATE 2X4","https://www.lego.com/cdn/product-assets/element.img.lod5photo.192x192/302026.jpg",1218
"10188-1",302126,5,"Black","Plates",3021,"PLATE 2X3","https://www.lego.com/cdn/product-assets/element.img.lod5photo.192x192/302126.jpg",902
"10188-1",302226,1,"Black","Plates",3022,"PLATE 2X2","https://www.lego.com/cdn/product-assets/element.img.lod5photo.192x192/302226.jpg",1140
"10188-1",302326,26,"Black","Plates",3023,"PLATE 1X2","https://www.lego.com/cdn/product-assets/element.img.lod5photo.192x192/302326.jpg",1421
"10188-1",303026,3,"Black","Plates",3030,"PLATE 4X10","https://www.lego.com/cdn/product-assets/element.img.lod5photo.192x192/303026.jpg",155
"10188-1",303226,2,"Black","Plates",3032,"PLATE 4X6","https://www.lego.com/cdn/product-assets/element.img.lod5photo.192x192/303226.jpg",390
"10188-1",303426,4,"Black","Plates",3034,"PLATE 2X8","https://www.lego.com/cdn/product-assets/element.img.lod5photo.192x192/303426.jpg",563
"10188-1",303526,3,"Black","Plates",3035,"PLATE 4X8","https://www.lego.com/cdn/product-assets/element.img.lod5photo.192x192/303526.jpg",280
"10188-1",303626,1,"Black","Plates",3036,"PLATE 6X8","https://www.lego.com/cdn/product-assets/element.img.lod5photo.192x192/303626.jpg",171
"10188-1",303726,2,"Black","Bricks, With Slope",3037,"ROOF TILE 2X4/45°","https://www.lego.com/cdn/product-assets/element.img.lod5photo.192x192/303726.jpg",160
"10188-1",303926,7,"Black","Bricks, With Slope",3039,"ROOF TILE 2X2/45°","https://www.lego.com/cdn/product-assets/element.img.lod5photo.192x192/303926.jpg",377
"10188-1",306226,8,"Black","Bricks, Special Circles And Angles",3062,"ROUND BRICK 1X1","https://www.lego.com/cdn/product-assets/element.img.lod5photo.192x192/306226.jpg",458
"10188-1",307026,12,"Black","Plates",3070,"FLAT TILE 1X1","https://www.lego.com/cdn/product-assets/element.img.lod5photo.192x192/307026.jpg",377
"10188-1",345626,2,"Black","Plates",3456,"PLATE 6X14","https://www.lego.com/cdn/product-assets/element.img.lod5photo.192x192/345626.jpg",34
"10188-1",346026,4,"Black","Plates",3460,"PLATE 1X8","https://www.lego.com/cdn/product-assets/element.img.lod5photo.192x192/346026.jpg",523
"10188-1",362226,22,"Black","Bricks",3622,"BRICK 1X3","https://www.lego.com/cdn/product-assets/element.img.lod5photo.192x192/362226.jpg",355
"10188-1",362326,6,"Black","Plates",3623,"PLATE 1X3","https://www.lego.com/cdn/product-assets/element.img.lod5photo.192x192/362326.jpg",678
"10188-1",362626,4,"Black","Figure, Heads And Masks",3626,"MINI HEAD","https://www.lego.com/cdn/product-assets/element.img.lod5photo.192x192/362626.jpg",87
"10188-1",366526,28,"Black","Bricks, With Slope",3665,"ROOF TILE 1X2 INV.","https://www.lego.com/cdn/product-assets/element.img.lod5photo.192x192/366526.jpg",304
"10188-1",366626,10,"Black","Plates",3666,"PLATE 1X6","https://www.lego.com/cdn/product-assets/element.img.lod5photo.192x192/366626.jpg",819
"10188-1",368026,11,"Black","Functional Elements",3680,"TURN PLATE 2X2, LOWER PART","https://www.lego.com/cdn/product-assets/element.img.lod5photo.192x192/368026.jpg",274
"10188-1",371026,4,"Black","Plates",3710,"PLATE 1X4","https://www.lego.com/cdn/product-assets/element.img.lod5photo.192x192/371026.jpg",1153
"10188-1",379426,24,"Black","Plates",3794,"PLATE 1X2 W. 1 KNOB","https://www.lego.com/cdn/product-assets/element.img.lod5photo.192x192/379426.jpg",346
"10188-1",379526,3,"Black","Plates",3795,"PLATE 2X6","https://www.lego.com/cdn/product-assets/element.img.lod5photo.192x192/379526.jpg",878
"10188-1",383226,4,"Black","Plates",3832,"PLATE 2X10","https://www.lego.com/cdn/product-assets/element.img.lod5photo.192x192/383226.jpg",359
"10188-1",395726,2,"Black","Signs, Flags And Poles",3957,"WHIP/AERIAL","https://www.lego.com/cdn/product-assets/element.img.lod5photo.192x192/395726.jpg",283
"10188-1",403226,7,"Black","Plates, Special Circles And Angles",4032,"PLATE 2X2 ROUND","https://www.lego.com/cdn/product-assets/element.img.lod5photo.192x192/403226.jpg",602
"10188-1",407926,11,"Black","Interior",4079,"SEAT 2X2X2","https://www.lego.com/cdn/product-assets/element.img.lod5photo.192x192/407926.jpg",113
"10188-1",434926,1,"Black","Figure Accessories In Hand",4349,"MEGAPHONE","https://www.lego.com/cdn/product-assets/element.img.lod5photo.192x192/434926.jpg",192
"10188-1",446026,2,"Black","Bricks, With Slope",4460,"ROOF TILE 1X2X3/73°","https://www.lego.com/cdn/product-assets/element.img.lod5photo.192x192/446026.jpg",77
"10188-1",447726,4,"Black","Plates",4477,"PLATE 1X10","https://www.lego.com/cdn/product-assets/element.img.lod5photo.192x192/447726.jpg",350
"10188-1",449726,2,"Black","Figure, Weapons",4497,"SPEAR","https://www.lego.com/cdn/product-assets/element.img.lod5photo.192x192/449726.jpg",76
"10188-1",474026,2,"Black","Plates, Special Circles And Angles",4740,"PARABOLA Ø16","https://www.lego.com/cdn/product-assets/element.img.lod5photo.192x192/474026.jpg",285
"10188-1",486526,6,"Black","Frames, Windows, Walls And Doors",4865,"WALL ELEMENT 1X2X1","https://www.lego.com/cdn/product-assets/element.img.lod5photo.192x192/486526.jpg",156
"10188-1",602026,2,"Black","Fences And Ladders",6020,"LATTICE 1X4X6 W. SNAP","https://www.lego.com/cdn/product-assets/element.img.lod5photo.192x192/602026.jpg",117
"10188-1",611126,1,"Black","Bricks",6111,"BRICK 1X10","https://www.lego.com/cdn/product-assets/element.img.lod5photo.192x192/611126.jpg",112
"10188-1",611226,2,"Black","Bricks",6112,"BRICK 1X12","https://www.lego.com/cdn/product-assets/element.img.lod5photo.192x192/611226.jpg",96
"10188-1",614126,18,"Black","Plates, Special Circles And Angles",6141,"ROUND PLATE 1X1","https://www.lego.com/cdn/product-assets/element.img.lod5photo.192x192/614126.jpg",888
"10188-1",617926,3,"Black","Plates",6179,"PLATE 4X4 W. 4 KNOBS","https://www.lego.com/cdn/product-assets/element.img.lod5photo.192x192/617926.jpg",109
"10188-1",3200126,4,"Black","Plates, Special",32001,"1PLATE 2X6 W. HOLES","https://www.lego.com/cdn/product-assets/element.img.lod5photo.192x192/3200126.jpg",141
"10188-1",4100530,1,"Black","Decoration Elements",4175,"LADDER 1X2X2","https://www.lego.com/cdn/product-assets/element.img.lod5photo.192x192/4100530.jpg",64
"10188-1",4106347,2,"Black","Frames, Windows, Walls And Doors",6231,"WALL CORNER 1X1X1","https://www.lego.com/cdn/product-assets/element.img.lod5photo.192x192/4106347.jpg",110
"10188-1",4116854,2,"Black","Bricks With Bows And Arches",30099,"BRICK WITH BOW 1X5X4 INV.","https://www.lego.com/cdn/product-assets/element.img.lod5photo.192x192/4116854.jpg",37
"10188-1",4121966,30,"Black","Bricks, With Slope",3040,"ROOF TILE 1X2/45°","https://www.lego.com/cdn/product-assets/element.img.lod5photo.192x192/4121966.jpg",399
"10188-1",4124096,21,"Black","Functional Elements",6134,"PLATE 2X2 (ROCKING)","https://www.lego.com/cdn/product-assets/element.img.lod5photo.192x192/4124096.jpg",315
"10188-1",4124171,2,"Black","Textiles",22231,"BLACK CAPE","https://www.lego.com/cdn/product-assets/element.img.lod5photo.192x192/4124171.jpg",82
"10188-1",4124172,1,"Black","Figure, Head Clothing",30368,"DARTH VADER HELMET","https://www.lego.com/cdn/product-assets/element.img.lod5photo.192x192/4124172.jpg",21
"10188-1",4124493,1,"Black","Figure, Head Clothing",30381,"HOOD","https://www.lego.com/cdn/product-assets/element.img.lod5photo.192x192/4124493.jpg",18
"10188-1",4140303,3,"Black","Signs, Flags And Poles",30374,"LIGHT SWORD - BLADE","https://www.lego.com/cdn/product-assets/element.img.lod5photo.192x192/4140303.jpg",154
"10188-1",4143180,3,"Black","Plates, Special Circles And Angles",30355,"LEFT WING 6X12","https://www.lego.com/cdn/product-assets/element.img.lod5photo.192x192/4143180.jpg",31
"10188-1",4143181,2,"Black","Plates, Special Circles And Angles",30356,"RIGHT WING 6X12","https://www.lego.com/cdn/product-assets/element.img.lod5photo.192x192/4143181.jpg",30
"10188-1",4143199,1,"Black","Figure Accessories In Hand",6246,"TOOL WHEEL","https://www.lego.com/cdn/product-assets/element.img.lod5photo.192x192/4143199.jpg",41
"10188-1",4159140,2,"Black","Bricks With Bows And Arches",2339,"BRICK W. BOW 1X5X4","https://www.lego.com/cdn/product-assets/element.img.lod5photo.192x192/4159140.jpg",22
"10188-1",4160025,3,"Black","Plates, Special Circles And Angles",30503,"CORNER PLATE 45 DEG. 4X4","https://www.lego.com/cdn/product-assets/element.img.lod5photo.192x192/4160025.jpg",94
"10188-1",4166619,1,"Black","Plates",41539,"PLATE 8X8","https://www.lego.com/cdn/product-assets/element.img.lod5photo.192x192/4166619.jpg",65
"10188-1",4180087,2,"Black","Plates, Special Circles And Angles",43898,"PARABOLIC REFLECTOR Ø24X6,4","https://www.lego.com/cdn/product-assets/element.img.lod5photo.192x192/4180087.jpg",88
"10188-1",4185652,4,"Black","Fences And Ladders",30055,"FENCE 1X4X2 W. 2 KNOBS","https://www.lego.com/cdn/product-assets/element.img.lod5photo.192x192/4185652.jpg",44
"10188-1",4205347,1,"Black","Plates, Special Circles And Angles",30504,"CORNER PLATE 45 DEG. 8X8","https://www.lego.com/cdn/product-assets/element.img.lod5photo.192x192/4205347.jpg",27
"10188-1",4205860,2,"Black","Plates, Special Circles And Angles",6177,"PLATE Ø63.84 W. 4 KNOBS","https://www.lego.com/cdn/product-assets/element.img.lod5photo.192x192/4205860.jpg",16
"10188-1",4209003,1,"Black","Plates, Special Circles And Angles",47397,"LEFT PLATE W. ANGLE 3X12","https://www.lego.com/cdn/product-assets/element.img.lod5photo.192x192/4209003.jpg",44
"10188-1",4209013,1,"Black","Plates, Special Circles And Angles",47398,"RIGHT PLATE W. ANGLE 3X12","https://www.lego.com/cdn/product-assets/element.img.lod5photo.192x192/4209013.jpg",45
"10188-1",4214559,1,"Black","Bricks, Special",47905,"BRICK 1X1 W. 2 KNOBS","https://www.lego.com/cdn/product-assets/element.img.lod5photo.192x192/4214559.jpg",110
"10188-1",4216542,2,"Black","Figure Accessories, Upper And Lower Part",30362,"LEG 1X2X2 2/3 W. SNAP","https://www.lego.com/cdn/product-assets/element.img.lod5photo.192x192/4216542.jpg",8
"10188-1",4216660,1,"Black","Bricks, Special Circles And Angles",30367,"FINAL BRICK 2X2","https://www.lego.com/cdn/product-assets/element.img.lod5photo.192x192/4216660.jpg",106
"10188-1",4223247,5,"Black","Figure Accessories, Upper And Lower Part",30377,"SPACE SKELETON ARM","https://www.lego.com/cdn/product-assets/element.img.lod5photo.192x192/4223247.jpg",145
"10188-1",4243819,1,"Black","Plates",3031,"PLATE 4X4","https://www.lego.com/cdn/product-assets/element.img.lod5photo.192x192/4243819.jpg",424
"10188-1",4253815,8,"Black","Bricks, Special",52107,"BRICK 1X2 W. FOUR KNOBS","https://www.lego.com/cdn/product-assets/element.img.lod5photo.192x192/4253815.jpg",170
"10188-1",4279270,2,"Black","Fences And Ladders",30134,"STAIRCASE 7X4X6","https://www.lego.com/cdn/product-assets/element.img.lod5photo.192x192/4279270.jpg",52
"10188-1",4289538,7,"Black","Connectors",48729,"STICK Ø 3.2 W. HOLDER","https://www.lego.com/cdn/product-assets/element.img.lod5photo.192x192/4289538.jpg",193
"10188-1",4293186,1,"Black","Bricks, Special Circles And Angles",55440,"Round br. 2x2x2 'lmp R2 bott.'","https://www.lego.com/cdn/product-assets/element.img.lod5photo.192x192/4293186.jpg",4
"10188-1",4293189,1,"Black","Bricks, Special Circles And Angles",55439,"End brick nr. '3'","https://www.lego.com/cdn/product-assets/element.img.lod5photo.192x192/4293189.jpg",3
"10188-1",4295400,6,"Black","Bricks, With Slope",56570,"ROOF TILE 2x2 NO. '14'","https://www.lego.com/cdn/product-assets/element.img.lod5photo.192x192/4295400.jpg",45
"10188-1",4297719,2,"Black","Loose Parts",56823,"STRING POLY 0,5MM ON SPOOL","https://www.lego.com/cdn/product-assets/element.img.lod5photo.192x192/4297719.jpg",90
"10188-1",4498712,5,"Black","Figure, Weapons",57899,"Blaster, Rifle","https://www.lego.com/cdn/product-assets/element.img.lod5photo.192x192/4498712.jpg",78
"10188-1",4498713,5,"Black","Figure, Weapons",58247,"Blaster Medium","https://www.lego.com/cdn/product-assets/element.img.lod5photo.192x192/4498713.jpg",181
"10188-1",4504382,27,"Black","Bricks, With Slope",54200,"ROOF TILE 1X1X2/3, ABS","https://www.lego.com/cdn/product-assets/element.img.lod5photo.192x192/4504382.jpg",620
"10188-1",4510072,1,"Black","Figure Parts",76382,"MINI UPPER PART NO.'1331'","https://www.lego.com/cdn/product-assets/element.img.lod5photo.192x192/4510072.jpg",4
"10188-1",4513539,3,"Black","Frames, Windows, Walls And Doors",59349,"WALL ELEMENT 1x6x5, ABS","https://www.lego.com/cdn/product-assets/element.img.lod5photo.192x192/4513539.jpg",22
"10188-1",4515350,13,"Black","Plates, Special Circles And Angles",60474,"PLATE 4X4 ROUND W. SNAP","https://www.lego.com/cdn/product-assets/element.img.lod5photo.192x192/4515350.jpg",171
"10188-1",4515362,4,"Black","Bricks, With Slope",60477,"ROOF TILE 1X4X1","https://www.lego.com/cdn/product-assets/element.img.lod5photo.192x192/4515362.jpg",98
"10188-1",4517925,17,"Black","Plates, Special",61252,"PLATE 1X1 W/HOLDER VERTICAL","https://www.lego.com/cdn/product-assets/element.img.lod5photo.192x192/4517925.jpg",370
"10188-1",4517986,5,"Black","Functional Elements",61485,"BOTTOM W. TURNTABLE 4X4","https://www.lego.com/cdn/product-assets/element.img.lod5photo.192x192/4517986.jpg",238
"10188-1",4523339,2,"Black","Plates, Special",4595,"MOTOR 1X2X2/3","https://www.lego.com/cdn/product-assets/element.img.lod5photo.192x192/4523339.jpg",129
"10188-1",4533060,1,"Black","Figure Parts",76382,"MINI UPPER PART NO.1418","https://www.lego.com/cdn/product-assets/element.img.lod5photo.192x192/4533060.jpg",2
"10188-1",4533090,2,"Black","Figure, Head Clothing",57900,"Trooper/ATST Helmet","https://www.lego.com/cdn/product-assets/element.img.lod5photo.192x192/4533090.jpg",2
"10188-1",4533092,1,"Black","Figure, Heads And Masks",30480,"C3-PO HEAD","https://www.lego.com/cdn/product-assets/element.img.lod5photo.192x192/4533092.jpg",1
"10188-1",4533104,2,"Black","Figure Parts",76382,"MINI UPPER PART NO.1420","https://www.lego.com/cdn/product-assets/element.img.lod5photo.192x192/4533104.jpg",4
"10188-1",4533115,1,"Black","Figure Parts",76382,"MINI UPPER PART NO.1422","https://www.lego.com/cdn/product-assets/element.img.lod5photo.192x192/4533115.jpg",1
"10188-1",4539347,1,"Black","Figure Parts",76382,"MINI UPPER PART NO.1437","https://www.lego.com/cdn/product-assets/element.img.lod5photo.192x192/4539347.jpg",2
"10188-1",4548726,1,"Black","Figure Parts",76382,"MINI UPPER PART 'NO.1469'","https://www.lego.com/cdn/product-assets/element.img.lod5photo.192x192/4548726.jpg",6
"10188-1",4567436,4,"Black","Bricks, Special Circles And Angles",85080,"BRICK 2X2W.INSIDE AND OUTS.BOW","https://www.lego.com/cdn/product-assets/element.img.lod5photo.192x192/4567436.jpg",67
"10188-1",4650022,3,"Black","Figure Accessories, Upper And Lower Part",98313,"BAD ROBOT ARM","https://www.lego.com/cdn/product-assets/element.img.lod5photo.192x192/4650022.jpg",5
"10188-1",4658977,1,"Black","Bricks, With Slope",72454,"ROOF TILE 4X4/45° INV.","https://www.lego.com/cdn/product-assets/element.img.lod5photo.192x192/4658977.jpg",54
"10188-1",6006739,3,"Black","Figure Accessories, Upper And Lower Part",76116,"BAD ROBOT ARM","https://www.lego.com/cdn/product-assets/element.img.lod5photo.192x192/6006739.jpg",71
"10188-1",6016279,1,"Black","Figure, Head Clothing",98011,"HOOD FOR CLOAK","https://www.lego.com/cdn/product-assets/element.img.lod5photo.192x192/6016279.jpg",36
"10188-1",6018805,2,"Black","Plates, Special",75937,"PARABOLIC RING","https://www.lego.com/cdn/product-assets/element.img.lod5photo.192x192/6018805.jpg",123
"10188-1",6020848,2,"Black","Bricks With Bows And Arches",76768,"BRICK W. BOW 1X5X4","https://www.lego.com/cdn/product-assets/element.img.lod5photo.192x192/6020848.jpg",8
"10188-1",6030718,1,"Black","Plates, Special",12825,"PLATE 1X1 W. UP RIGHT HOLDER","https://www.lego.com/cdn/product-assets/element.img.lod5photo.192x192/6030718.jpg",362
"10188-1",6030875,1,"Black","Figure Accessories In Hand",11402,"TOOL WHEEL","https://www.lego.com/cdn/product-assets/element.img.lod5photo.192x192/6030875.jpg",30
"10188-1",6037449,1,"Black","Rubbers And Strings",14210,"STRING 21M W. SHAFT Ø3,2 W. 2 KNOPS","https://www.lego.com/cdn/product-assets/element.img.lod5photo.192x192/6037449.jpg",9
"10188-1",6061032,2,"Black","Plates, Special",10247,"PLATE 2X2 + ONE HULE Ø4,8","https://www.lego.com/cdn/product-assets/element.img.lod5photo.192x192/6061032.jpg",146
"10188-1",6066113,4,"Black","Fences And Ladders",15332,"FENCE 1X4X2 W. 4 KNOBS","https://www.lego.com/cdn/product-assets/element.img.lod5photo.192x192/6066113.jpg",53
"10188-1",6089577,6,"Black","Plates, Special",10201,"ANGLE PLATE 1X2/1X4","https://www.lego.com/cdn/product-assets/element.img.lod5photo.192x192/6089577.jpg",85
"10188-1",6096958,1,"Black","Rubbers And Strings",14210,"STRING 21M W. SHAFT Ø3,2 W. 2 KNOPS","https://www.lego.com/cdn/product-assets/element.img.lod5photo.192x192/6096958.jpg",26
"10188-1",6116604,3,"Black","Signs, Flags And Poles",21462,"LIGHT SWORD - BLADE","https://www.lego.com/cdn/product-assets/element.img.lod5photo.192x192/6116604.jpg",220
"10188-1",6123920,2,"Black","Rubbers And Strings",23197,"100% POLYESTER YARN Ø0,5MM,1,0M","https://www.lego.com/cdn/product-assets/element.img.lod5photo.192x192/6123920.jpg",1
"10188-1",370526,11,"Black","Connectors",3705,"CROSS AXLE 4M","https://www.lego.com/cdn/product-assets/element.img.lod5photo.192x192/370526.jpg",1147
"10188-1",370626,2,"Black","Connectors",3706,"CROSS AXLE 6M","https://www.lego.com/cdn/product-assets/element.img.lod5photo.192x192/370626.jpg",866
"10188-1",370726,2,"Black","Connectors",3707,"CROSS AXLE 8M","https://www.lego.com/cdn/product-assets/element.img.lod5photo.192x192/370726.jpg",565
"10188-1",370826,2,"Black","Connectors",3708,"CROSS AXLE 12M","https://www.lego.com/cdn/product-assets/element.img.lod5photo.192x192/370826.jpg",410
"10188-1",373726,1,"Black","Connectors",3737,"CROSS AXLE 10M","https://www.lego.com/cdn/product-assets/element.img.lod5photo.192x192/373726.jpg",470
"10188-1",4107081,6,"Black","Connectors",32039,"CATCH W. CROSS HOLE","https://www.lego.com/cdn/product-assets/element.img.lod5photo.192x192/4107081.jpg",376
"10188-1",4107084,6,"Black","Connectors",32015,"ANGLE ELEMENT, 112,5 DEGR. [5]","https://www.lego.com/cdn/product-assets/element.img.lod5photo.192x192/4107084.jpg",135
"10188-1",4107767,4,"Black","Connectors",32014,"ANGLE ELEMENT, 90 DEGREES [6]","https://www.lego.com/cdn/product-assets/element.img.lod5photo.192x192/4107767.jpg",134
"10188-1",4107783,3,"Black","Connectors",32034,"ANGLE ELEMENT, 180 DEGREES [2]","https://www.lego.com/cdn/product-assets/element.img.lod5photo.192x192/4107783.jpg",243
"10188-1",4111998,2,"Black","Beams",32009,"DOUBLE ANGULAR BEAM 3X7 45°","https://www.lego.com/cdn/product-assets/element.img.lod5photo.192x192/4111998.jpg",114
"10188-1",4121667,4,"Black","Beams, Special",32184,"DOUBLE CROSS BLOCK","https://www.lego.com/cdn/product-assets/element.img.lod5photo.192x192/4121667.jpg",190
"10188-1",4121715,16,"Black","Connectors",2780,"CONNECTOR PEG W. FRICTION","https://www.lego.com/cdn/product-assets/element.img.lod5photo.192x192/4121715.jpg",2210
"10188-1",4128557,2,"Black","Half Beams",32250,"HALFBEAM CURVE 3X5","https://www.lego.com/cdn/product-assets/element.img.lod5photo.192x192/4128557.jpg",60
"10188-1",4142135,2,"Black","Beams",32316,"TECHNIC 5M BEAM","https://www.lego.com/cdn/product-assets/element.img.lod5photo.192x192/4142135.jpg",279
"10188-1",4142236,3,"Black","Half Beams",32449,"LEVER 1X4, WITHOUT NOTCH","https://www.lego.com/cdn/product-assets/element.img.lod5photo.192x192/4142236.jpg",129
"10188-1",4156150,1,"Black","Beams",32525,"TECHNIC 11M BEAM","https://www.lego.com/cdn/product-assets/element.img.lod5photo.192x192/4156150.jpg",69
"10188-1",4177431,6,"Black","Functional Elements, Gear Wheels And Racks",32270,"DOUBLE CONICAL WHEEL Z12 1M","https://www.lego.com/cdn/product-assets/element.img.lod5photo.192x192/4177431.jpg",437
"10188-1",4177444,2,"Black","Beams",43857,"TECHNIC 2M BEAM","https://www.lego.com/cdn/product-assets/element.img.lod5photo.192x192/4177444.jpg",107
"10188-1",4501290,3,"Black","Tubes",32200,"FLEX ROD 12M","https://www.lego.com/cdn/product-assets/element.img.lod5photo.192x192/4501290.jpg",14
"10188-1",6029578,1,"Black","Beams",64290,"TECHNIC 11M BEAM","https://www.lego.com/cdn/product-assets/element.img.lod5photo.192x192/6029578.jpg",87
"10188-1",4107623,1,"Brick Yellow","Figure Parts",73200,"MINI LOWER PART, BRICK YELLOW","https://www.lego.com/cdn/product-assets/element.img.lod5photo.192x192/4107623.jpg",108
"10188-1",4124069,1,"Brick Yellow","Figure, Wigs",3901,"MINI WIG MAN","https://www.lego.com/cdn/product-assets/element.img.lod5photo.192x192/4124069.jpg",40
"10188-1",4183248,1,"Brick Yellow","Animals And Creatures",43892,"ELEPHANT TAIL/TRUNK","https://www.lego.com/cdn/product-assets/element.img.lod5photo.192x192/4183248.jpg",4
"10188-1",4278422,14,"Brick Yellow","Plates, Special Circles And Angles",2654,"SLIDE SHOE ROUND 2X2","https://www.lego.com/cdn/product-assets/element.img.lod5photo.192x192/4278422.jpg",125
"10188-1",4510084,1,"Brick Yellow","Figure Parts",76382,"MINI UPPER PART NO.'1336'","https://www.lego.com/cdn/product-assets/element.img.lod5photo.192x192/4510084.jpg",4
"10188-1",4513706,1,"Brick Yellow","Figure Parts",60633,"MINI LOWER PART no 113","https://www.lego.com/cdn/product-assets/element.img.lod5photo.192x192/4513706.jpg",4
"10188-1",4655371,2,"Brick Yellow","Figure, Wigs",96859,"MINI WIG, GIRL","https://www.lego.com/cdn/product-assets/element.img.lod5photo.192x192/4655371.jpg",11
"10188-1",4666579,2,"Brick Yellow","Connectors",6562,"CONNECTOR PEG/CROSS AXLE","https://www.lego.com/cdn/product-assets/element.img.lod5photo.192x192/4666579.jpg",909
"10188-1",302023,2,"Bright Blue","Plates",3020,"PLATE 2X4","https://www.lego.com/cdn/product-assets/element.img.lod5photo.192x192/302023.jpg",463
"10188-1",403223,9,"Bright Blue","Plates, Special Circles And Angles",4032,"PLATE 2X2 ROUND","https://www.lego.com/cdn/product-assets/element.img.lod5photo.192x192/403223.jpg",148
"10188-1",4143005,17,"Bright Blue","Connectors",4274,"CONNECTOR PEG W. KNOB","https://www.lego.com/cdn/product-assets/element.img.lod5photo.192x192/4143005.jpg",910
"10188-1",4206482,9,"Bright Blue","Connectors",43093,"CONN.BUSH W.FRIC./CROSSALE","https://www.lego.com/cdn/product-assets/element.img.lod5photo.192x192/4206482.jpg",1625
"10188-1",4509376,2,"Bright Blue","Beams",32523,"TECHNIC 3M BEAM","https://www.lego.com/cdn/product-assets/element.img.lod5photo.192x192/4509376.jpg",50
"10188-1",4514553,1,"Bright Blue","Connectors",6558,"CONNECTOR PEG W. FRICTION 3M","https://www.lego.com/cdn/product-assets/element.img.lod5photo.192x192/4514553.jpg",822
"10188-1",9342,2,"Bright Red","Figure Parts",73200,"MINI BODY LOWERPART RED","https://www.lego.com/cdn/product-assets/element.img.lod5photo.192x192/9342.jpg",248
"10188-1",74335,4,"Bright Red","Signs, Flags And Poles",73587,"MINI ANTENNA ASS.RED/BLA","https://www.lego.com/cdn/product-assets/element.img.lod5photo.192x192/74335.jpg",190
"10188-1",403221,3,"Bright Red","Plates, Special Circles And Angles",4032,"PLATE 2X2 ROUND","https://www.lego.com/cdn/product-assets/element.img.lod5photo.192x192/403221.jpg",296
"10188-1",415021,3,"Bright Red","Plates, Special Circles And Angles",4150,"FLAT TILE 2X2, ROUND","https://www.lego.com/cdn/product-assets/element.img.lod5photo.192x192/415021.jpg",40
"10188-1",614121,4,"Bright Red","Plates, Special Circles And Angles",6141,"ROUND PLATE 1X1","https://www.lego.com/cdn/product-assets/element.img.lod5photo.192x192/614121.jpg",564
"10188-1",614321,2,"Bright Red","Bricks, Special Circles And Angles",6143,"BRICK Ø16 W. CROSS","https://www.lego.com/cdn/product-assets/element.img.lod5photo.192x192/614321.jpg",214
"10188-1",654121,6,"Bright Red","Bricks, Special Ø4.85 Hole And Connecting Bush",6541,"TECHNIC BRICK 1X1","https://www.lego.com/cdn/product-assets/element.img.lod5photo.192x192/654121.jpg",113
"10188-1",4143210,2,"Bright Red","Textiles",23375,"RED CAPE","https://www.lego.com/cdn/product-assets/element.img.lod5photo.192x192/4143210.jpg",36
"10188-1",4185525,2,"Bright Red","Plates, Special",44728,"ANGLE PLATE 1X2 / 2X2","https://www.lego.com/cdn/product-assets/element.img.lod5photo.192x192/4185525.jpg",42
"10188-1",4272039,2,"Bright Red","Figure, Head Clothing",30561,"GUARD HELMET","https://www.lego.com/cdn/product-assets/element.img.lod5photo.192x192/4272039.jpg",10
"10188-1",4494472,2,"Bright Red","Figure Parts",76382,"MINI UPPER PART NO.'1264'","https://www.lego.com/cdn/product-assets/element.img.lod5photo.192x192/4494472.jpg",5
"10188-1",4632572,1,"Bright Red","Plates, Special",4081,"LAMP HOLDER","https://www.lego.com/cdn/product-assets/element.img.lod5photo.192x192/4632572.jpg",81
"10188-1",6066342,3,"Bright Red","Plates, Special Circles And Angles",14769,"FLAT TILE 2X2, ROUND","https://www.lego.com/cdn/product-assets/element.img.lod5photo.192x192/6066342.jpg",89
"10188-1",6117974,2,"Bright Red","Plates, Special",21712,"ANGLE PLATE 1X2 / 2X2","https://www.lego.com/cdn/product-assets/element.img.lod5photo.192x192/6117974.jpg",96
"10188-1",4142865,16,"Bright Red","Connectors",32062,"2M CROSS AXLE W. GROOVE","https://www.lego.com/cdn/product-assets/element.img.lod5photo.192x192/4142865.jpg",1390
"10188-1",4227155,9,"Bright Red","Connectors",6590,"BUSH FOR CROSS AXLE","https://www.lego.com/cdn/product-assets/element.img.lod5photo.192x192/4227155.jpg",314
"10188-1",4119091,2,"Bright Yellow","Plates",83489,"FLAT TILE 1X4 NO. 17","https://www.lego.com/cdn/product-assets/element.img.lod5photo.192x192/4119091.jpg",60
"10188-1",4144412,2,"Bright Yellow","Decoration Elements",30602,"FRONT, 2X2, SPORT","https://www.lego.com/cdn/product-assets/element.img.lod5photo.192x192/4144412.jpg",21
"10188-1",4247771,1,"Bright Yellow","Bricks With Bows And Arches",50950,"Brick w/bow 1/3","https://www.lego.com/cdn/product-assets/element.img.lod5photo.192x192/4247771.jpg",66
"10188-1",4107078,1,"Bright Yellow","Beams, Special",6536,"CROSS BLOCK 90°","https://www.lego.com/cdn/product-assets/element.img.lod5photo.192x192/4107078.jpg",54
"10188-1",4142133,2,"Bright Yellow","Beams",32316,"TECHNIC 5M BEAM","https://www.lego.com/cdn/product-assets/element.img.lod5photo.192x192/4142133.jpg",74
"10188-1",4548731,3,"Cool Silver, Drum Lacquered","Figure, Weapons",86132,"LIGHT SWORD STOCK, DRUM LAC.","https://www.lego.com/cdn/product-assets/element.img.lod5photo.192x192/4548731.jpg",134
"10188-1",4210631,30,"Dark Stone Grey","Plates",2412,"RADIATOR GRILLE 1X2","https://www.lego.com/cdn/product-assets/element.img.lod5photo.192x192/4210631.jpg",645
"10188-1",4210635,28,"Dark Stone Grey","Plates",2420,"CORNER PLATE 1X2X2","https://www.lego.com/cdn/product-assets/element.img.lod5photo.192x192/4210635.jpg",348
"10188-1",4210636,28,"Dark Stone Grey","Bricks",2877,"PROFILE BRICK 1X2","https://www.lego.com/cdn/product-assets/element.img.lod5photo.192x192/4210636.jpg",268
"10188-1",4210639,5,"Dark Stone Grey","Bricks, Special Ø4.85 Hole And Connecting Bush",6541,"TECHNIC BRICK 1X1","https://www.lego.com/cdn/product-assets/element.img.lod5photo.192x192/4210639.jpg",190
"10188-1",4210651,9,"Dark Stone Grey","Plates",6636,"FLAT TILE 1X6","https://www.lego.com/cdn/product-assets/element.img.lod5photo.192x192/4210651.jpg",298
"10188-1",4210660,14,"Dark Stone Grey","Plates, Special",2540,"PLATE 1X2 W. STICK","https://www.lego.com/cdn/product-assets/element.img.lod5photo.192x192/4210660.jpg",387
"10188-1",4210700,2,"Dark Stone Grey","Bricks, Special",4733,"BRICK 1X1 W. 4 KNOBS","https://www.lego.com/cdn/product-assets/element.img.lod5photo.192x192/4210700.jpg",126
"10188-1",4210719,16,"Dark Stone Grey","Plates",3024,"PLATE 1X1","https://www.lego.com/cdn/product-assets/element.img.lod5photo.192x192/4210719.jpg",315
"10188-1",4210725,22,"Dark Stone Grey","Bricks, Special",30414,"BRICK 1X4 W. 4 KNOBS","https://www.lego.com/cdn/product-assets/element.img.lod5photo.192x192/4210725.jpg",225
"10188-1",4210726,2,"Dark Stone Grey","Plates, Special",30383,"PLATE 1X2 W/STUB/ALONG/UPPER P","https://www.lego.com/cdn/product-assets/element.img.lod5photo.192x192/4210726.jpg",113
"10188-1",4210762,12,"Dark Stone Grey","Bricks, Special Ø4.85 Hole And Connecting Bush",32000,"BRICK 1X2 M. 2 HOLES Ø 4,87","https://www.lego.com/cdn/product-assets/element.img.lod5photo.192x192/4210762.jpg",256
"10188-1",4210763,3,"Dark Stone Grey","Plates, Special",32530,"T-BEAM W. PLATE 1X2 W. TUBE","https://www.lego.com/cdn/product-assets/element.img.lod5photo.192x192/4210763.jpg",216
"10188-1",4210844,5,"Dark Stone Grey","Frames, Windows, Walls And Doors",43337,"WALL ELEMENT 1X4X1 ABS","https://www.lego.com/cdn/product-assets/element.img.lod5photo.192x192/4210844.jpg",17
"10188-1",4210865,2,"Dark Stone Grey","Plates, Special Circles And Angles",43898,"PARABOLIC REFLECTOR Ø24X6,4","https://www.lego.com/cdn/product-assets/element.img.lod5photo.192x192/4210865.jpg",110
"10188-1",4210869,16,"Dark Stone Grey","Plates, Special Circles And Angles",43722,"RIGHT PLATE 2X3 W/ANGLE","https://www.lego.com/cdn/product-assets/element.img.lod5photo.192x192/4210869.jpg",128
"10188-1",4210875,22,"Dark Stone Grey","Bricks",44237,"BRICK 2X6","https://www.lego.com/cdn/product-assets/element.img.lod5photo.192x192/4210875.jpg",187
"10188-1",4210883,2,"Dark Stone Grey","Plates, Special",44301,"PLATE 1X2 W/STUB VERTICAL/END","https://www.lego.com/cdn/product-assets/element.img.lod5photo.192x192/4210883.jpg",115
"10188-1",4210884,4,"Dark Stone Grey","Plates, Special",44302,"PLATE 1X2 W/FORK/VERTICAL/END","https://www.lego.com/cdn/product-assets/element.img.lod5photo.192x192/4210884.jpg",176
"10188-1",4210897,4,"Dark Stone Grey","Plates, Special Circles And Angles",2450,"CORNER PLATE 45 DEG. 3X3","https://www.lego.com/cdn/product-assets/element.img.lod5photo.192x192/4210897.jpg",97
"10188-1",4210935,14,"Dark Stone Grey","Bricks, Special Ø4.85 Hole And Connecting Bush",32064,"BRICK 1X2 WITH CROSS HOLE","https://www.lego.com/cdn/product-assets/element.img.lod5photo.192x192/4210935.jpg",153
"10188-1",4210998,2,"Dark Stone Grey","Plates",3460,"PLATE 1X8","https://www.lego.com/cdn/product-assets/element.img.lod5photo.192x192/4210998.jpg",370
"10188-1",4211001,32,"Dark Stone Grey","Plates",3710,"PLATE 1X4","https://www.lego.com/cdn/product-assets/element.img.lod5photo.192x192/4211001.jpg",722
"10188-1",4211002,3,"Dark Stone Grey","Plates",3795,"PLATE 2X6","https://www.lego.com/cdn/product-assets/element.img.lod5photo.192x192/4211002.jpg",702
"10188-1",4211008,6,"Dark Stone Grey","Plates",4162,"FLAT TILE 1X8","https://www.lego.com/cdn/product-assets/element.img.lod5photo.192x192/4211008.jpg",237
"10188-1",4211010,2,"Dark Stone Grey","Plates, Special Circles And Angles",4740,"PARABOLA Ø16","https://www.lego.com/cdn/product-assets/element.img.lod5photo.192x192/4211010.jpg",178
"10188-1",4211042,12,"Dark Stone Grey","Plates, Special Circles And Angles",4032,"PLATE 2X2 ROUND","https://www.lego.com/cdn/product-assets/element.img.lod5photo.192x192/4211042.jpg",411
"10188-1",4211043,58,"Dark Stone Grey","Plates",3021,"PLATE 2X3","https://www.lego.com/cdn/product-assets/element.img.lod5photo.192x192/4211043.jpg",696
"10188-1",4211044,2,"Dark Stone Grey","Bricks, Special",4070,"ANGULAR BRICK 1X1","https://www.lego.com/cdn/product-assets/element.img.lod5photo.192x192/4211044.jpg",208
"10188-1",4211052,16,"Dark Stone Grey","Plates",3069,"FLAT TILE 1X2","https://www.lego.com/cdn/product-assets/element.img.lod5photo.192x192/4211052.jpg",419
"10188-1",4211053,25,"Dark Stone Grey","Plates",2431,"FLAT TILE 1X4","https://www.lego.com/cdn/product-assets/element.img.lod5photo.192x192/4211053.jpg",396
"10188-1",4211055,28,"Dark Stone Grey","Plates",3068,"FLAT TILE 2X2","https://www.lego.com/cdn/product-assets/element.img.lod5photo.192x192/4211055.jpg",340
"10188-1",4211056,2,"Dark Stone Grey","Plates",3666,"PLATE 1X6","https://www.lego.com/cdn/product-assets/element.img.lod5photo.192x192/4211056.jpg",531
"10188-1",4211060,25,"Dark Stone Grey","Bricks",3003,"BRICK 2X2","https://www.lego.com/cdn/product-assets/element.img.lod5photo.192x192/4211060.jpg",323
"10188-1",4211061,7,"Dark Stone Grey","Plates",3035,"PLATE 4X8","https://www.lego.com/cdn/product-assets/element.img.lod5photo.192x192/4211061.jpg",248
"10188-1",4211063,60,"Dark Stone Grey","Plates",3023,"PLATE 1X2","https://www.lego.com/cdn/product-assets/element.img.lod5photo.192x192/4211063.jpg",858
"10188-1",4211065,74,"Dark Stone Grey","Plates",3020,"PLATE 2X4","https://www.lego.com/cdn/product-assets/element.img.lod5photo.192x192/4211065.jpg",854
"10188-1",4211066,22,"Dark Stone Grey","Functional Elements",3937,"ROCKER BEARING 1X2","https://www.lego.com/cdn/product-assets/element.img.lod5photo.192x192/4211066.jpg",207
"10188-1",4211069,23,"Dark Stone Grey","Plates, Special",2555,"PLATE 1X1 W. UP RIGHT HOLDER","https://www.lego.com/cdn/product-assets/element.img.lod5photo.192x192/4211069.jpg",187
"10188-1",4211085,22,"Dark Stone Grey","Bricks",3001,"BRICK 2X4","https://www.lego.com/cdn/product-assets/element.img.lod5photo.192x192/4211085.jpg",345
"10188-1",4211087,4,"Dark Stone Grey","Bricks, Special Ø4.85 Hole And Connecting Bush",2458,"BRICK 1X2 W. HORIZONTAL SNAP","https://www.lego.com/cdn/product-assets/element.img.lod5photo.192x192/4211087.jpg",97
"10188-1",4211088,69,"Dark Stone Grey","Bricks",3004,"BRICK 1X2","https://www.lego.com/cdn/product-assets/element.img.lod5photo.192x192/4211088.jpg",436
"10188-1",4211090,14,"Dark Stone Grey","Bricks, Special Circles And Angles",3062,"ROUND BRICK 1X1","https://www.lego.com/cdn/product-assets/element.img.lod5photo.192x192/4211090.jpg",273
"10188-1",4211094,37,"Dark Stone Grey","Plates",3022,"PLATE 2X2","https://www.lego.com/cdn/product-assets/element.img.lod5photo.192x192/4211094.jpg",733
"10188-1",4211096,22,"Dark Stone Grey","Bricks, With Slope",3665,"ROOF TILE 1X2 INV.","https://www.lego.com/cdn/product-assets/element.img.lod5photo.192x192/4211096.jpg",262
"10188-1",4211097,3,"Dark Stone Grey","Bricks, Special Circles And Angles",6222,"TECHNIC BRICK 4X4 ROUND","https://www.lego.com/cdn/product-assets/element.img.lod5photo.192x192/4211097.jpg",40
"10188-1",4211098,33,"Dark Stone Grey","Bricks",3005,"BRICK 1X1","https://www.lego.com/cdn/product-assets/element.img.lod5photo.192x192/4211098.jpg",310
"10188-1",4211100,5,"Dark Stone Grey","Bricks",3009,"BRICK 1X6","https://www.lego.com/cdn/product-assets/element.img.lod5photo.192x192/4211100.jpg",246
"10188-1",4211103,36,"Dark Stone Grey","Bricks",3010,"BRICK 1X4","https://www.lego.com/cdn/product-assets/element.img.lod5photo.192x192/4211103.jpg",337
"10188-1",4211104,55,"Dark Stone Grey","Bricks",3622,"BRICK 1X3","https://www.lego.com/cdn/product-assets/element.img.lod5photo.192x192/4211104.jpg",256
"10188-1",4211105,9,"Dark Stone Grey","Bricks",3002,"BRICK 2X3","https://www.lego.com/cdn/product-assets/element.img.lod5photo.192x192/4211105.jpg",211
"10188-1",4211109,29,"Dark Stone Grey","Bricks",2357,"BRICK CORNER 1X2X2","https://www.lego.com/cdn/product-assets/element.img.lod5photo.192x192/4211109.jpg",209
"10188-1",4211115,3,"Dark Stone Grey","Plates",3032,"PLATE 4X6","https://www.lego.com/cdn/product-assets/element.img.lod5photo.192x192/4211115.jpg",363
"10188-1",4211133,25,"Dark Stone Grey","Plates",3623,"PLATE 1X3","https://www.lego.com/cdn/product-assets/element.img.lod5photo.192x192/4211133.jpg",436
"10188-1",4211135,24,"Dark Stone Grey","Bricks, With Slope",3040,"ROOF TILE 1X2/45°","https://www.lego.com/cdn/product-assets/element.img.lod5photo.192x192/4211135.jpg",369
"10188-1",4212075,4,"Dark Stone Grey","Plates, Special Circles And Angles",30357,"PLATE 3X3, 1/4 CIRCLE","https://www.lego.com/cdn/product-assets/element.img.lod5photo.192x192/4212075.jpg",68
"10188-1",4218730,4,"Dark Stone Grey","Interior",2489,"BARREL 2X2","https://www.lego.com/cdn/product-assets/element.img.lod5photo.192x192/4218730.jpg",15
"10188-1",4221749,11,"Dark Stone Grey","Frames, Windows, Walls And Doors",30562,"WALL ELEMENT 4X4X6, ROUND","https://www.lego.com/cdn/product-assets/element.img.lod5photo.192x192/4221749.jpg",8
"10188-1",4222042,7,"Dark Stone Grey","Plates, Special Circles And Angles",30565,"PLATE 4X4, 1/4 CIRCLE","https://www.lego.com/cdn/product-assets/element.img.lod5photo.192x192/4222042.jpg",79
"10188-1",4222113,3,"Dark Stone Grey","Bricks, Special Circles And Angles",4742,"CONE Ø32/Ø16","https://www.lego.com/cdn/product-assets/element.img.lod5photo.192x192/4222113.jpg",31
"10188-1",4222693,1,"Dark Stone Grey","Figure Parts",73200,"MINI LOWER PART","https://www.lego.com/cdn/product-assets/element.img.lod5photo.192x192/4222693.jpg",243
"10188-1",4226442,4,"Dark Stone Grey","Bricks, With Slope",2449,"ROOF TILE 1X2X3/74° INV.","https://www.lego.com/cdn/product-assets/element.img.lod5photo.192x192/4226442.jpg",58
"10188-1",4239891,1,"Dark Stone Grey","Functional Elements",32012,"BOBBIN","https://www.lego.com/cdn/product-assets/element.img.lod5photo.192x192/4239891.jpg",35
"10188-1",4243831,3,"Dark Stone Grey","Plates",3031,"PLATE 4X4","https://www.lego.com/cdn/product-assets/element.img.lod5photo.192x192/4243831.jpg",374
"10188-1",4249139,6,"Dark Stone Grey","Bricks, Special Circles And Angles",6143,"BRICK Ø16 W. CROSS","https://www.lego.com/cdn/product-assets/element.img.lod5photo.192x192/4249139.jpg",159
"10188-1",4257526,2,"Dark Stone Grey","Plates",4477,"PLATE 1X10","https://www.lego.com/cdn/product-assets/element.img.lod5photo.192x192/4257526.jpg",219
"10188-1",4260707,5,"Dark Stone Grey","Plates, Special",3738,"PLATE 2X8 W. HOLES","https://www.lego.com/cdn/product-assets/element.img.lod5photo.192x192/4260707.jpg",69
"10188-1",4268409,1,"Dark Stone Grey","Plates, Special Circles And Angles",3961,"ROUND PLATE Ø64X9.6","https://www.lego.com/cdn/product-assets/element.img.lod5photo.192x192/4268409.jpg",20
"10188-1",4278274,4,"Dark Stone Grey","Plates, Special Circles And Angles",2654,"SLIDE SHOE ROUND 2X2","https://www.lego.com/cdn/product-assets/element.img.lod5photo.192x192/4278274.jpg",255
"10188-1",4293333,1,"Dark Stone Grey","Figure Parts",76382,"MINI UPPER PART NO.'1267'","https://www.lego.com/cdn/product-assets/element.img.lod5photo.192x192/4293333.jpg",2
"10188-1",4296788,1,"Dark Stone Grey","Bricks, Special Circles And Angles",3943,"ROCKET STEP 4X4X2","https://www.lego.com/cdn/product-assets/element.img.lod5photo.192x192/4296788.jpg",21
"10188-1",4299022,2,"Dark Stone Grey","Plates, Special",4151,"GRID PLATE 8X8","https://www.lego.com/cdn/product-assets/element.img.lod5photo.192x192/4299022.jpg",72
"10188-1",4504378,23,"Dark Stone Grey","Bricks, With Slope",54200,"ROOF TILE 1X1X2/3, ABS","https://www.lego.com/cdn/product-assets/element.img.lod5photo.192x192/4504378.jpg",460
"10188-1",4520307,3,"Dark Stone Grey","Interior",61780,"BOX 2X2X2","https://www.lego.com/cdn/product-assets/element.img.lod5photo.192x192/4520307.jpg",79
"10188-1",4521512,2,"Dark Stone Grey","Figure Accessories, Upper And Lower Part",30375,"SPACE SKELETON BODY","https://www.lego.com/cdn/product-assets/element.img.lod5photo.192x192/4521512.jpg",52
"10188-1",4527082,8,"Dark Stone Grey","Plates, Special Circles And Angles",51739,"PLATE 2X4X18°","https://www.lego.com/cdn/product-assets/element.img.lod5photo.192x192/4527082.jpg",115
"10188-1",4533334,2,"Dark Stone Grey","Frames, Windows, Walls And Doors",6218,"WALL ELEMENT, ROUND 2X4X4","https://www.lego.com/cdn/product-assets/element.img.lod5photo.192x192/4533334.jpg",7
"10188-1",4596895,2,"Dark Stone Grey","Plates, Special Circles And Angles",90194,"PLATE 3X4 W/ANGLES","https://www.lego.com/cdn/product-assets/element.img.lod5photo.192x192/4596895.jpg",26
"10188-1",4632574,2,"Dark Stone Grey","Plates, Special",4081,"LAMP HOLDER","https://www.lego.com/cdn/product-assets/element.img.lod5photo.192x192/4632574.jpg",180
"10188-1",4658974,1,"Dark Stone Grey","Bricks, With Slope",72454,"ROOF TILE 4X4/45° INV.","https://www.lego.com/cdn/product-assets/element.img.lod5photo.192x192/4658974.jpg",70
"10188-1",6092649,5,"Dark Stone Grey","Frames, Windows, Walls And Doors",15207,"WALL ELEMENT 1X4X1 ABS","https://www.lego.com/cdn/product-assets/element.img.lod5photo.192x192/6092649.jpg",61
"10188-1",6106025,2,"Dark Stone Grey","Frames, Windows, Walls And Doors",20430,"WALL ELEMENT, ROUND 2X4X4","https://www.lego.com/cdn/product-assets/element.img.lod5photo.192x192/6106025.jpg",13
"10188-1",4210751,2,"Dark Stone Grey","Beams",32523,"TECHNIC 3M BEAM","https://www.lego.com/cdn/product-assets/element.img.lod5photo.192x192/4210751.jpg",151
"10188-1",4211050,8,"Dark Stone Grey","Connectors",32002,"1 1/2 M CONNECTING BUSH","https://www.lego.com/cdn/product-assets/element.img.lod5photo.192x192/4211050.jpg",228
"10188-1",4211086,7,"Dark Stone Grey","Connectors",6587,"CROSSAXLE 3M WITH KNOB","https://www.lego.com/cdn/product-assets/element.img.lod5photo.192x192/4211086.jpg",266
"10188-1",4234599,5,"Dark Stone Grey","Half Beams, Special",41678,"TECHNIC CROSS BLOCK/FORK 2X2","https://www.lego.com/cdn/product-assets/element.img.lod5photo.192x192/4234599.jpg",62
"10188-1",4499435,1,"Dark Stone Grey","Functional Elements",57796,"RELEASE HOUSING 6X2X2, ASS.","https://www.lego.com/cdn/product-assets/element.img.lod5photo.192x192/4499435.jpg",25
"10188-1",4499858,4,"Dark Stone Grey","Connectors",55013,"CROSS AXLE 8M WITH END STOP","https://www.lego.com/cdn/product-assets/element.img.lod5photo.192x192/4499858.jpg",332
"10188-1",4508553,2,"Dark Stone Grey","Connectors",59426,"CROSS AXLE 5,5  WITH STOP 1M.","https://www.lego.com/cdn/product-assets/element.img.lod5photo.192x192/4508553.jpg",504
"10188-1",4514558,1,"Dark Stone Grey","Functional Elements, Gear Wheels And Racks",3648,"GEAR WHEEL Z24","https://www.lego.com/cdn/product-assets/element.img.lod5photo.192x192/4514558.jpg",54
"10188-1",4514559,5,"Dark Stone Grey","Functional Elements, Gear Wheels And Racks",3647,"GEAR WHEEL T=8, M=1","https://www.lego.com/cdn/product-assets/element.img.lod5photo.192x192/4514559.jpg",42
"10188-1",4645730,2,"Dark Stone Grey","Beams",64289,"TECHNIC 9M BEAM","https://www.lego.com/cdn/product-assets/element.img.lod5photo.192x192/4645730.jpg",80
"10188-1",6012451,5,"Dark Stone Grey","Functional Elements, Gear Wheels And Racks",10928,"GEAR WHEEL T=8, M=1","https://www.lego.com/cdn/product-assets/element.img.lod5photo.192x192/6012451.jpg",229
"10188-1",6064131,1,"Dark Stone Grey","Functional Elements",57796,"RELEASE HOUSING 6X2X2, ASS.","https://www.lego.com/cdn/product-assets/element.img.lod5photo.192x192/6064131.jpg",24
"10188-1",6129590,7,"Dark Stone Grey","Connectors",13670,"CROSSAXLE 3M WITH KNOB","https://www.lego.com/cdn/product-assets/element.img.lod5photo.192x192/6129590.jpg",2
"10188-1",6133119,1,"Dark Stone Grey","Functional Elements, Gear Wheels And Racks",24505,"GEAR WHEEL Z24","https://www.lego.com/cdn/product-assets/element.img.lod5photo.192x192/6133119.jpg",127
"10188-1",4177741,7,"Earth Blue","Bricks, Special Circles And Angles",3062,"ROUND BRICK 1X1","https://www.lego.com/cdn/product-assets/element.img.lod5photo.192x192/4177741.jpg",49
"10188-1",4205004,3,"Earth Blue","Plates",3068,"FLAT TILE 2X2","https://www.lego.com/cdn/product-assets/element.img.lod5photo.192x192/4205004.jpg",107
"10188-1",4505985,6,"Earth Blue","Bricks, Special Circles And Angles",6143,"BRICK Ø16 W. CROSS","https://www.lego.com/cdn/product-assets/element.img.lod5photo.192x192/4505985.jpg",18
"10188-1",6069269,2,"Earth Green","Bricks, Special Circles And Angles",30361,"ROUND BRICK 2X2X2","https://www.lego.com/cdn/product-assets/element.img.lod5photo.192x192/6069269.jpg",4
"10188-1",4238620,1,"Light Nougat","Figure, Heads And Masks",50941,"MINI HEAD 'NO. 378'","https://www.lego.com/cdn/product-assets/element.img.lod5photo.192x192/4238620.jpg",8
"10188-1",4291337,3,"Light Nougat","Figure, Heads And Masks",83799,"MINI HEAD 'NO. 456'","https://www.lego.com/cdn/product-assets/element.img.lod5photo.192x192/4291337.jpg",13
"10188-1",4293187,1,"Light Nougat","Figure, Heads And Masks",55609,"Mini Head no. '455'","https://www.lego.com/cdn/product-assets/element.img.lod5photo.192x192/4293187.jpg",2
"10188-1",4520588,2,"Light Nougat","Figure, Heads And Masks",61952,"MINI HEAD 'NO. 513'","https://www.lego.com/cdn/product-assets/element.img.lod5photo.192x192/4520588.jpg",5
"10188-1",4569754,1,"Light Nougat","Figure, Heads And Masks",88838,"MINI HEAD NO '638'","https://www.lego.com/cdn/product-assets/element.img.lod5photo.192x192/4569754.jpg",4
"10188-1",4570704,2,"Light Nougat","Figure, Heads And Masks",89168,"MINI HOVED NO. '648'","https://www.lego.com/cdn/product-assets/element.img.lod5photo.192x192/4570704.jpg",12
"10188-1",4160560,13,"Medium Stone Grey","Plates, Special Circles And Angles",30503,"CORNER PLATE 45 DEG. 4X4","https://www.lego.com/cdn/product-assets/element.img.lod5photo.192x192/4160560.jpg",76
"10188-1",4166618,10,"Medium Stone Grey","Plates",41539,"PLATE 8X8","https://www.lego.com/cdn/product-assets/element.img.lod5photo.192x192/4166618.jpg",74
"10188-1",4211349,29,"Medium Stone Grey","Bricks",2357,"BRICK CORNER 1X2X2","https://www.lego.com/cdn/product-assets/element.img.lod5photo.192x192/4211349.jpg",210
"10188-1",4211357,1,"Medium Stone Grey","Plates, Special",2432,"CLAMP 1X2","https://www.lego.com/cdn/product-assets/element.img.lod5photo.192x192/4211357.jpg",216
"10188-1",4211360,13,"Medium Stone Grey","Plates",2445,"PLATE 2X12","https://www.lego.com/cdn/product-assets/element.img.lod5photo.192x192/4211360.jpg",190
"10188-1",4211363,12,"Medium Stone Grey","Bricks",2454,"BRICK 1X2X5","https://www.lego.com/cdn/product-assets/element.img.lod5photo.192x192/4211363.jpg",86
"10188-1",4211366,2,"Medium Stone Grey","Bricks",2465,"BRICK 1X16","https://www.lego.com/cdn/product-assets/element.img.lod5photo.192x192/4211366.jpg",69
"10188-1",4211370,1,"Medium Stone Grey","Functional Elements",2585,"DRUM Ø11","https://www.lego.com/cdn/product-assets/element.img.lod5photo.192x192/4211370.jpg",98
"10188-1",4211373,2,"Medium Stone Grey","Wheel Base",2655,"WHEEL FORK 2X2 ROUND","https://www.lego.com/cdn/product-assets/element.img.lod5photo.192x192/4211373.jpg",33
"10188-1",4211385,45,"Medium Stone Grey","Bricks",3001,"BRICK 2X4","https://www.lego.com/cdn/product-assets/element.img.lod5photo.192x192/4211385.jpg",384
"10188-1",4211386,52,"Medium Stone Grey","Bricks",3002,"BRICK 2X3","https://www.lego.com/cdn/product-assets/element.img.lod5photo.192x192/4211386.jpg",241
"10188-1",4211387,43,"Medium Stone Grey","Bricks",3003,"BRICK 2X2","https://www.lego.com/cdn/product-assets/element.img.lod5photo.192x192/4211387.jpg",442
"10188-1",4211388,86,"Medium Stone Grey","Bricks",3004,"BRICK 1X2","https://www.lego.com/cdn/product-assets/element.img.lod5photo.192x192/4211388.jpg",614,86
"10188-1",4211391,25,"Medium Stone Grey","Bricks",3007,"BRICK 2X8","https://www.lego.com/cdn/product-assets/element.img.lod5photo.192x192/4211391.jpg",29
"10188-1",4211392,12,"Medium Stone Grey","Bricks",3008,"BRICK 1X8","https://www.lego.com/cdn/product-assets/element.img.lod5photo.192x192/4211392.jpg",177
"10188-1",4211393,18,"Medium Stone Grey","Bricks",3009,"BRICK 1X6","https://www.lego.com/cdn/product-assets/element.img.lod5photo.192x192/4211393.jpg",301
"10188-1",4211394,29,"Medium Stone Grey","Bricks",3010,"BRICK 1X4","https://www.lego.com/cdn/product-assets/element.img.lod5photo.192x192/4211394.jpg",420
"10188-1",4211395,76,"Medium Stone Grey","Plates",3020,"PLATE 2X4","https://www.lego.com/cdn/product-assets/element.img.lod5photo.192x192/4211395.jpg",867
"10188-1",4211396,72,"Medium Stone Grey","Plates",3021,"PLATE 2X3","https://www.lego.com/cdn/product-assets/element.img.lod5photo.192x192/4211396.jpg",685
"10188-1",4211397,63,"Medium Stone Grey","Plates",3022,"PLATE 2X2","https://www.lego.com/cdn/product-assets/element.img.lod5photo.192x192/4211397.jpg",825
"10188-1",4211398,46,"Medium Stone Grey","Plates",3023,"PLATE 1X2","https://www.lego.com/cdn/product-assets/element.img.lod5photo.192x192/4211398.jpg",1020
"10188-1",4211401,1,"Medium Stone Grey","Plates",3029,"PLATE 4X12","https://www.lego.com/cdn/product-assets/element.img.lod5photo.192x192/4211401.jpg",100
"10188-1",4211402,33,"Medium Stone Grey","Plates",3030,"PLATE 4X10","https://www.lego.com/cdn/product-assets/element.img.lod5photo.192x192/4211402.jpg",86
"10188-1",4211404,1,"Medium Stone Grey","Plates",3032,"PLATE 4X6","https://www.lego.com/cdn/product-assets/element.img.lod5photo.192x192/4211404.jpg",263
"10188-1",4211405,4,"Medium Stone Grey","Plates",3033,"PLATE 6x10","https://www.lego.com/cdn/product-assets/element.img.lod5photo.192x192/4211405.jpg",102
"10188-1",4211406,39,"Medium Stone Grey","Plates",3034,"PLATE 2X8","https://www.lego.com/cdn/product-assets/element.img.lod5photo.192x192/4211406.jpg",392
"10188-1",4211407,11,"Medium Stone Grey","Plates",3035,"PLATE 4X8","https://www.lego.com/cdn/product-assets/element.img.lod5photo.192x192/4211407.jpg",196
"10188-1",4211408,3,"Medium Stone Grey","Plates",3036,"PLATE 6X8","https://www.lego.com/cdn/product-assets/element.img.lod5photo.192x192/4211408.jpg",133
"10188-1",4211410,31,"Medium Stone Grey","Bricks, With Slope",3039,"ROOF TILE 2X2/45°","https://www.lego.com/cdn/product-assets/element.img.lod5photo.192x192/4211410.jpg",257
"10188-1",4211420,5,"Medium Stone Grey","Bricks, With Slope",3297,"ROOF TILE 3X4/25°","https://www.lego.com/cdn/product-assets/element.img.lod5photo.192x192/4211420.jpg",30
"10188-1",4211421,5,"Medium Stone Grey","Bricks, With Slope",3298,"ROOF TILE 2X3/25°","https://www.lego.com/cdn/product-assets/element.img.lod5photo.192x192/4211421.jpg",113
"10188-1",4211425,12,"Medium Stone Grey","Plates",3460,"PLATE 1X8","https://www.lego.com/cdn/product-assets/element.img.lod5photo.192x192/4211425.jpg",353
"10188-1",4211428,14,"Medium Stone Grey","Bricks",3622,"BRICK 1X3","https://www.lego.com/cdn/product-assets/element.img.lod5photo.192x192/4211428.jpg",307
"10188-1",4211429,8,"Medium Stone Grey","Plates",3623,"PLATE 1X3","https://www.lego.com/cdn/product-assets/element.img.lod5photo.192x192/4211429.jpg",478
"10188-1",4211436,37,"Medium Stone Grey","Bricks, With Slope",3660,"ROOF TILE 2X2/45° INV.","https://www.lego.com/cdn/product-assets/element.img.lod5photo.192x192/4211436.jpg",294
"10188-1",4211437,13,"Medium Stone Grey","Bricks, With Slope",3665,"ROOF TILE 1X2 INV.","https://www.lego.com/cdn/product-assets/element.img.lod5photo.192x192/4211437.jpg",258
"10188-1",4211438,13,"Medium Stone Grey","Plates",3666,"PLATE 1X6","https://www.lego.com/cdn/product-assets/element.img.lod5photo.192x192/4211438.jpg",543
"10188-1",4211440,7,"Medium Stone Grey","Bricks, Special Ø4.85 Hole And Connecting Bush",3700,"TECHNIC BRICK 1X2, Ø4.9","https://www.lego.com/cdn/product-assets/element.img.lod5photo.192x192/4211440.jpg",376
"10188-1",4211445,22,"Medium Stone Grey","Plates",3710,"PLATE 1X4","https://www.lego.com/cdn/product-assets/element.img.lod5photo.192x192/4211445.jpg",757
"10188-1",4211452,38,"Medium Stone Grey","Plates",3795,"PLATE 2X6","https://www.lego.com/cdn/product-assets/element.img.lod5photo.192x192/4211452.jpg",565
"10188-1",4211471,1,"Medium Stone Grey","Bricks, Special Circles And Angles",3942,"NOSE CONE 2X2X2","https://www.lego.com/cdn/product-assets/element.img.lod5photo.192x192/4211471.jpg",13
"10188-1",4211473,3,"Medium Stone Grey","Signs, Flags And Poles",3957,"WHIP/AERIAL","https://www.lego.com/cdn/product-assets/element.img.lod5photo.192x192/4211473.jpg",217
"10188-1",4211480,1,"Medium Stone Grey","Plates, Special Circles And Angles",4150,"FLAT TILE 2X2, ROUND","https://www.lego.com/cdn/product-assets/element.img.lod5photo.192x192/4211480.jpg",48
"10188-1",4211481,2,"Medium Stone Grey","Plates",4162,"FLAT TILE 1X8","https://www.lego.com/cdn/product-assets/element.img.lod5photo.192x192/4211481.jpg",262
"10188-1",4211494,4,"Medium Stone Grey","Bricks, With Slope",4460,"ROOF TILE 1X2X3/73°","https://www.lego.com/cdn/product-assets/element.img.lod5photo.192x192/4211494.jpg",94
"10188-1",4211521,2,"Medium Stone Grey","Bricks",6111,"BRICK 1X10","https://www.lego.com/cdn/product-assets/element.img.lod5photo.192x192/4211521.jpg",89
"10188-1",4211524,2,"Medium Stone Grey","Fences And Ladders",6140,"HANGER 1X6","https://www.lego.com/cdn/product-assets/element.img.lod5photo.192x192/4211524.jpg",43
"10188-1",4211549,3,"Medium Stone Grey","Plates",6636,"FLAT TILE 1X6","https://www.lego.com/cdn/product-assets/element.img.lod5photo.192x192/4211549.jpg",383
"10188-1",4211570,7,"Medium Stone Grey","Bricks, With Slope",3747,"ROOF TILE 2X3/25° INV.","https://www.lego.com/cdn/product-assets/element.img.lod5photo.192x192/4211570.jpg",170
"10188-1",4211611,1,"Medium Stone Grey","Decoration Elements",30303,"HOOVERBOARD 6X6X2/3","https://www.lego.com/cdn/product-assets/element.img.lod5photo.192x192/4211611.jpg",15
"10188-1",4211614,19,"Medium Stone Grey","Bricks, With Slope",3040,"ROOF TILE 1X2/45°","https://www.lego.com/cdn/product-assets/element.img.lod5photo.192x192/4211614.jpg",337
"10188-1",4211616,19,"Medium Stone Grey","Plates, Special Circles And Angles",30355,"LEFT WING 6X12","https://www.lego.com/cdn/product-assets/element.img.lod5photo.192x192/4211616.jpg",55
"10188-1",4211617,20,"Medium Stone Grey","Plates, Special Circles And Angles",30356,"RIGHT WING 6X12","https://www.lego.com/cdn/product-assets/element.img.lod5photo.192x192/4211617.jpg",56
"10188-1",4211650,11,"Medium Stone Grey","Bricks",30145,"BRICK 2X2X3","https://www.lego.com/cdn/product-assets/element.img.lod5photo.192x192/4211650.jpg",53
"10188-1",4211667,16,"Medium Stone Grey","Bricks, Special",30386,"BRICK 1X2 FRIC/STUB/FORK VERT.","https://www.lego.com/cdn/product-assets/element.img.lod5photo.192x192/4211667.jpg",28
"10188-1",4211718,4,"Medium Stone Grey","Bricks, Special Circles And Angles",2462,"FACET BRICK 3X3X1","https://www.lego.com/cdn/product-assets/element.img.lod5photo.192x192/4211718.jpg",59
"10188-1",4211740,1,"Medium Stone Grey","Figure, Wigs",3901,"MINI WIG MAN","https://www.lego.com/cdn/product-assets/element.img.lod5photo.192x192/4211740.jpg",37
"10188-1",4211795,28,"Medium Stone Grey","Bricks",44237,"BRICK 2X6","https://www.lego.com/cdn/product-assets/element.img.lod5photo.192x192/4211795.jpg",193
"10188-1",4211796,1,"Medium Stone Grey","Plates, Special Circles And Angles",44375,"PARABOLA 6X6","https://www.lego.com/cdn/product-assets/element.img.lod5photo.192x192/4211796.jpg",65
"10188-1",4211840,4,"Medium Stone Grey","Plates, Special",44568,"PLATE 1X4 W/STUMPS VERTICAL","https://www.lego.com/cdn/product-assets/element.img.lod5photo.192x192/4211840.jpg",131
"10188-1",4212363,11,"Medium Stone Grey","Plates",47919,"FLAT TILE 1X2 'NO. 86'","https://www.lego.com/cdn/product-assets/element.img.lod5photo.192x192/4212363.jpg",74
"10188-1",4218320,1,"Medium Stone Grey","Transportation Means, Vehicles",2512,"TRUCK BODY 5X4,5X1 1/3","https://www.lego.com/cdn/product-assets/element.img.lod5photo.192x192/4218320.jpg",15
"10188-1",4221775,2,"Medium Stone Grey","Signs, Flags And Poles",73587,"MINI ANTENNA GREY/BLACK","https://www.lego.com/cdn/product-assets/element.img.lod5photo.192x192/4221775.jpg",250
"10188-1",4225119,2,"Medium Stone Grey","Bricks With Bows And Arches",6182,"ARCH 1X4X2","https://www.lego.com/cdn/product-assets/element.img.lod5photo.192x192/4225119.jpg",13
"10188-1",4228198,2,"Medium Stone Grey","Bricks, With Slope",50344,"ROOF TILE 1X2 45° NO. 3","https://www.lego.com/cdn/product-assets/element.img.lod5photo.192x192/4228198.jpg",83
"10188-1",4234535,13,"Medium Stone Grey","Bricks, With Slope",3678,"ROOF TILE 2X2X2/65 DEG.","https://www.lego.com/cdn/product-assets/element.img.lod5photo.192x192/4234535.jpg",85
"10188-1",4243797,9,"Medium Stone Grey","Plates",3031,"PLATE 4X4","https://www.lego.com/cdn/product-assets/element.img.lod5photo.192x192/4243797.jpg",290
"10188-1",4248833,2,"Medium Stone Grey","Plates, Special Circles And Angles",51373,"DISC Ø 80","https://www.lego.com/cdn/product-assets/element.img.lod5photo.192x192/4248833.jpg",9
"10188-1",4251149,9,"Medium Stone Grey","Plates",4477,"PLATE 1X10","https://www.lego.com/cdn/product-assets/element.img.lod5photo.192x192/4251149.jpg",218
"10188-1",4255629,1,"Medium Stone Grey","Plates",83484,"FLAT TILE 1X1 'GREY PANEL'","https://www.lego.com/cdn/product-assets/element.img.lod5photo.192x192/4255629.jpg",95
"10188-1",4258273,8,"Medium Stone Grey","Plates, Special Circles And Angles",50304,"RIGHT PLATE 3X8 W/ANGLE","https://www.lego.com/cdn/product-assets/element.img.lod5photo.192x192/4258273.jpg",78
"10188-1",4258275,8,"Medium Stone Grey","Plates, Special Circles And Angles",50305,"LEFT PLATE 3X8 W/ANGLE","https://www.lego.com/cdn/product-assets/element.img.lod5photo.192x192/4258275.jpg",77
"10188-1",4261857,1,"Medium Stone Grey","Figure, Heads And Masks",52342,"MINI HEAD NO.'402'","https://www.lego.com/cdn/product-assets/element.img.lod5photo.192x192/4261857.jpg",7
"10188-1",4268343,7,"Medium Stone Grey","Plates, Special Circles And Angles",30504,"CORNER PLATE 45 DEG. 8X8","https://www.lego.com/cdn/product-assets/element.img.lod5photo.192x192/4268343.jpg",27
"10188-1",4293831,16,"Medium Stone Grey","Plates",3456,"PLATE 6X14","https://www.lego.com/cdn/product-assets/element.img.lod5photo.192x192/4293831.jpg",30
"10188-1",4497653,2,"Medium Stone Grey","Bricks, Special Circles And Angles",6233,"ROCKET STEP 3X3X2 W. CROSS","https://www.lego.com/cdn/product-assets/element.img.lod5photo.192x192/4497653.jpg",18
"10188-1",4507056,8,"Medium Stone Grey","Plates, Special Circles And Angles",51739,"PLATE 2X4X18°","https://www.lego.com/cdn/product-assets/element.img.lod5photo.192x192/4507056.jpg",121
"10188-1",4515341,8,"Medium Stone Grey","Plates, Special",60471,"PLATE 1X2 W/FORK, VERTICAL","https://www.lego.com/cdn/product-assets/element.img.lod5photo.192x192/4515341.jpg",125
"10188-1",4515369,2,"Medium Stone Grey","Plates, Special",60478,"PLATE 1X2 W/SHAFT Ø3.2","https://www.lego.com/cdn/product-assets/element.img.lod5photo.192x192/4515369.jpg",253
"10188-1",4533122,1,"Medium Stone Grey","Bricks, Special Circles And Angles",64069,"End brick nr. '6'","https://www.lego.com/cdn/product-assets/element.img.lod5photo.192x192/4533122.jpg",11
"10188-1",4533124,1,"Medium Stone Grey","Figure, Heads And Masks",64070,"MINI HEAD 'NO 552'","https://www.lego.com/cdn/product-assets/element.img.lod5photo.192x192/4533124.jpg",2
"10188-1",4538098,8,"Medium Stone Grey","Signs, Flags And Poles",63965,"STICK 6M W/FLANGE","https://www.lego.com/cdn/product-assets/element.img.lod5photo.192x192/4538098.jpg",102
"10188-1",4539481,4,"Medium Stone Grey","Figure, Weapons",64567,"LIGHT SWORD SHAFT","https://www.lego.com/cdn/product-assets/element.img.lod5photo.192x192/4539481.jpg",178
"10188-1",4540203,11,"Medium Stone Grey","Functional Elements",3679,"TURN PLATE 2X2, UPPER PART","https://www.lego.com/cdn/product-assets/element.img.lod5photo.192x192/4540203.jpg",475
"10188-1",4556157,1,"Medium Stone Grey","Plates, Special",60470,"PLATE 1X2 W/HOLDER, VERTICAL","https://www.lego.com/cdn/product-assets/element.img.lod5photo.192x192/4556157.jpg",268
"10188-1",4567448,8,"Medium Stone Grey","Bricks, Special Circles And Angles",85080,"BRICK 2X2W.INSIDE AND OUTS.BOW","https://www.lego.com/cdn/product-assets/element.img.lod5photo.192x192/4567448.jpg",51
"10188-1",4585429,19,"Medium Stone Grey","Frames, Windows, Walls And Doors",87544,"WALL ELEMENT 1X2X3","https://www.lego.com/cdn/product-assets/element.img.lod5photo.192x192/4585429.jpg",71
"10188-1",4593679,2,"Medium Stone Grey","Frames, Windows, Walls And Doors",87552,"WALLELEMENT 1X2X2","https://www.lego.com/cdn/product-assets/element.img.lod5photo.192x192/4593679.jpg",86
"10188-1",4641048,1,"Medium Stone Grey","Figure, Weapons",97927,"HANDCUFFS","https://www.lego.com/cdn/product-assets/element.img.lod5photo.192x192/4641048.jpg",173
"10188-1",6031056,2,"Medium Stone Grey","Bricks With Bows And Arches",6182,"ARCH 1X4X2","https://www.lego.com/cdn/product-assets/element.img.lod5photo.192x192/6031056.jpg",48
"10188-1",6037399,25,"Medium Stone Grey","Bricks",93888,"BRICK 2X8","https://www.lego.com/cdn/product-assets/element.img.lod5photo.192x192/6037399.jpg",79
"10188-1",6052200,1,"Medium Stone Grey","Plates, Special Circles And Angles",14769,"FLAT TILE 2X2, ROUND","https://www.lego.com/cdn/product-assets/element.img.lod5photo.192x192/6052200.jpg",192
"10188-1",6057616,1,"Medium Stone Grey","Bricks, Special Circles And Angles",14918,"NOSE CONE 2X2X2","https://www.lego.com/cdn/product-assets/element.img.lod5photo.192x192/6057616.jpg",26
"10188-1",6152344,2,"Medium Stone Grey","Wheel Base",26716,"WHEEL FORK 2X2 ROUND","https://www.lego.com/cdn/product-assets/element.img.lod5photo.192x192/6152344.jpg",95
"10188-1",4211434,1,"Medium Stone Grey","Functional Elements, Gear Wheels And Racks",3650,"CROWN- AND GEAR WHEEL Z24","https://www.lego.com/cdn/product-assets/element.img.lod5photo.192x192/4211434.jpg",44
"10188-1",4211510,1,"Medium Stone Grey","Functional Elements, Gear Wheels And Racks",4716,"WORM","https://www.lego.com/cdn/product-assets/element.img.lod5photo.192x192/4211510.jpg",70
"10188-1",4211573,38,"Medium Stone Grey","Connectors",32123,"1/2 BUSH","https://www.lego.com/cdn/product-assets/element.img.lod5photo.192x192/4211573.jpg",590
"10188-1",4211639,6,"Medium Stone Grey","Connectors",32073,"CROSS AXLE 5M","https://www.lego.com/cdn/product-assets/element.img.lod5photo.192x192/4211639.jpg",659
"10188-1",4211741,1,"Medium Stone Grey","Half Beams",41677,"TECHNIC LEVER 2M","https://www.lego.com/cdn/product-assets/element.img.lod5photo.192x192/4211741.jpg",104
"10188-1",4211805,1,"Medium Stone Grey","Connectors",44294,"CROSS AXLE 7M","https://www.lego.com/cdn/product-assets/element.img.lod5photo.192x192/4211805.jpg",431
"10188-1",4211807,4,"Medium Stone Grey","Connectors",3673,"CONNECTOR PEG","https://www.lego.com/cdn/product-assets/element.img.lod5photo.192x192/4211807.jpg",987
"10188-1",4211815,5,"Medium Stone Grey","Connectors",4519,"CROSS AXLE 3M","https://www.lego.com/cdn/product-assets/element.img.lod5photo.192x192/4211815.jpg",1061
"10188-1",4211865,4,"Medium Stone Grey","Connectors",32054,"2M FRIC. SNAP W/CROSS HOLE","https://www.lego.com/cdn/product-assets/element.img.lod5photo.192x192/4211865.jpg",247
"10188-1",4225033,1,"Medium Stone Grey","Beams, Special",48989,"BEAM 3 M. W/4 SNAPS","https://www.lego.com/cdn/product-assets/element.img.lod5photo.192x192/4225033.jpg",183
"10188-1",4278756,4,"Medium Stone Grey","Connectors",32187,"MIDDLE RING","https://www.lego.com/cdn/product-assets/element.img.lod5photo.192x192/4278756.jpg",83
"10188-1",4512360,5,"Medium Stone Grey","Connectors",59443,"CROSS AXLE, EXTENSION, 2M","https://www.lego.com/cdn/product-assets/element.img.lod5photo.192x192/4512360.jpg",246
"10188-1",4526985,8,"Medium Stone Grey","Connectors",62462,"TUBE W/DOUBLE Ø4.85","https://www.lego.com/cdn/product-assets/element.img.lod5photo.192x192/4526985.jpg",108
"10188-1",4563045,1,"Medium Stone Grey","Half Beams, Special",33299,"2X1X3 STEERING KNUCKLE ARM","https://www.lego.com/cdn/product-assets/element.img.lod5photo.192x192/4563045.jpg",107
"10188-1",4260933,1,"Multicombination","Tubes",30527,"FLEX TUBE 12 M","https://www.lego.com/cdn/product-assets/element.img.lod5photo.192x192/4260933.jpg",5
"10188-1",4514700,2,"Multicombination","Figure, Weapons",59233,"LIGHTENING BOLT Co-inj.126/42","https://www.lego.com/cdn/product-assets/element.img.lod5photo.192x192/4514700.jpg",25
"10188-1",4558850,1,"Multicombination","Tubes",64230,"SPIRAL TUBE W. TUBE STUD","https://www.lego.com/cdn/product-assets/element.img.lod5photo.192x192/4558850.jpg",59
"10188-1",4299625,1,"Multicombination","Functional Elements",57028,"ARROW 8M W/SOFT UPPER P.","https://www.lego.com/cdn/product-assets/element.img.lod5photo.192x192/4299625.jpg",61
"10188-1",4176959,5,"New Dark Red","Plates",3794,"PLATE 1X2 W. 1 KNOB","https://www.lego.com/cdn/product-assets/element.img.lod5photo.192x192/4176959.jpg",62
"10188-1",4539062,3,"New Dark Red","Plates",3666,"PLATE 1X6","https://www.lego.com/cdn/product-assets/element.img.lod5photo.192x192/4539062.jpg",110
"10188-1",4539092,45,"New Dark Red","Bricks, Special",4070,"ANGULAR BRICK 1X1","https://www.lego.com/cdn/product-assets/element.img.lod5photo.192x192/4539092.jpg",35
"10188-1",4539097,8,"New Dark Red","Plates",3023,"PLATE 1X2","https://www.lego.com/cdn/product-assets/element.img.lod5photo.192x192/4539097.jpg",233
"10188-1",4539099,14,"New Dark Red","Bricks, Special Circles And Angles",3062,"ROUND BRICK 1X1","https://www.lego.com/cdn/product-assets/element.img.lod5photo.192x192/4539099.jpg",60
"10188-1",4539102,3,"New Dark Red","Bricks",3004,"BRICK 1X2","https://www.lego.com/cdn/product-assets/element.img.lod5photo.192x192/4539102.jpg",122
"10188-1",4541376,1,"New Dark Red","Bricks",3005,"BRICK 1X1","https://www.lego.com/cdn/product-assets/element.img.lod5photo.192x192/4541376.jpg",83
"10188-1",4541507,7,"New Dark Red","Plates",3460,"PLATE 1X8","https://www.lego.com/cdn/product-assets/element.img.lod5photo.192x192/4541507.jpg",29
"10188-1",4260023,3,"New Dark Red","Connectors",32013,"ANGLE ELEMENT, 0 DEGREES [1]","https://www.lego.com/cdn/product-assets/element.img.lod5photo.192x192/4260023.jpg",12
"10188-1",4211149,8,"Reddish Brown","Bricks",3004,"BRICK 1X2","https://www.lego.com/cdn/product-assets/element.img.lod5photo.192x192/4211149.jpg",328
"10188-1",4211158,2,"Reddish Brown","Figure, Wigs",3901,"MINI WIG MAN","https://www.lego.com/cdn/product-assets/element.img.lod5photo.192x192/4211158.jpg",63
"10188-1",4211180,8,"Reddish Brown","Bricks",30136,"PALISADE BRICK 1X2","https://www.lego.com/cdn/product-assets/element.img.lod5photo.192x192/4211180.jpg",214
"10188-1",4211183,3,"Reddish Brown","Bricks, Special Circles And Angles",3062,"ROUND BRICK 1X1","https://www.lego.com/cdn/product-assets/element.img.lod5photo.192x192/4211183.jpg",319
"10188-1",4211195,2,"Reddish Brown","Bricks, With Slope",4287,"ROOF TILE 1X3/25° INV.","https://www.lego.com/cdn/product-assets/element.img.lod5photo.192x192/4211195.jpg",57
"10188-1",4211197,2,"Reddish Brown","Bricks, With Slope",4286,"ROOF TILE 1X3/25°","https://www.lego.com/cdn/product-assets/element.img.lod5photo.192x192/4211197.jpg",79
"10188-1",4211204,17,"Reddish Brown","Plates",6636,"FLAT TILE 1X6","https://www.lego.com/cdn/product-assets/element.img.lod5photo.192x192/4211204.jpg",165
"10188-1",4211214,2,"Reddish Brown","Plates",3832,"PLATE 2X10","https://www.lego.com/cdn/product-assets/element.img.lod5photo.192x192/4211214.jpg",116
"10188-1",4211242,12,"Reddish Brown","Bricks",3005,"BRICK 1X1","https://www.lego.com/cdn/product-assets/element.img.lod5photo.192x192/4211242.jpg",262
"10188-1",4211252,3,"Reddish Brown","Bricks, Special Ø4.85 Hole And Connecting Bush",3700,"TECHNIC BRICK 1X2, Ø4.9","https://www.lego.com/cdn/product-assets/element.img.lod5photo.192x192/4211252.jpg",157
"10188-1",4211283,1,"Reddish Brown","Plates, Special Circles And Angles",43898,"PARABOLIC REFLECTOR Ø24X6,4","https://www.lego.com/cdn/product-assets/element.img.lod5photo.192x192/4211283.jpg",15
"10188-1",4215449,4,"Reddish Brown","Functional Elements",3831,"HINGE 1X2 LOWER PART","https://www.lego.com/cdn/product-assets/element.img.lod5photo.192x192/4215449.jpg",34
"10188-1",4221886,1,"Reddish Brown","Figure Parts",73200,"MINI LOWER PART","https://www.lego.com/cdn/product-assets/element.img.lod5photo.192x192/4221886.jpg",92
"10188-1",4222627,8,"Reddish Brown","Bricks",6112,"BRICK 1X12","https://www.lego.com/cdn/product-assets/element.img.lod5photo.192x192/4222627.jpg",42
"10188-1",4223683,5,"Reddish Brown","Plates",4477,"PLATE 1X10","https://www.lego.com/cdn/product-assets/element.img.lod5photo.192x192/4223683.jpg",104
"10188-1",4227505,1,"Reddish Brown","Textiles",50231,"BROWN CAPE","https://www.lego.com/cdn/product-assets/element.img.lod5photo.192x192/4227505.jpg",19
"10188-1",4267994,3,"Reddish Brown","Bricks, Special Ø4.85 Hole And Connecting Bush",3701,"TECHNIC BRICK 1X4, Ø4,9","https://www.lego.com/cdn/product-assets/element.img.lod5photo.192x192/4267994.jpg",67
"10188-1",4294149,5,"Reddish Brown","Figure Accessories, Upper And Lower Part",55236,"Tail Ø 3,2","https://www.lego.com/cdn/product-assets/element.img.lod5photo.192x192/4294149.jpg",13
"10188-1",4499949,1,"Reddish Brown","Figure Parts",84418,"MINI LOWER PART 'NO. 33'","https://www.lego.com/cdn/product-assets/element.img.lod5photo.192x192/4499949.jpg",7
"10188-1",4589758,1,"Reddish Brown","Figure, Wigs",30409,"PRINCESS LEIA HAIR","https://www.lego.com/cdn/product-assets/element.img.lod4photo.192x192/4589758.jpg",4
"10188-1",4655372,1,"Reddish Brown","Figure, Head Clothing",98011,"HOOD FOR CLOAK","https://www.lego.com/cdn/product-assets/element.img.lod5photo.192x192/4655372.jpg",12
"10188-1",6011460,4,"Reddish Brown","Functional Elements",3830,"HINGE 1X2 UPPER PART","https://www.lego.com/cdn/product-assets/element.img.lod5photo.192x192/6011460.jpg",26
"10188-1",6022405,1,"Reddish Brown","Figure, Heads And Masks",83929,"CHEWBACCA 'DEC'","https://www.lego.com/cdn/product-assets/element.img.lod5photo.192x192/6022405.jpg",9
"10188-1",6259145,1,"Reddish Brown","Figure Parts",76382,"MINI UPPER PART, NO. 4671","https://www.lego.com/cdn/product-assets/element.img.lod5photo.192x192/6259145.jpg",18
"10188-1",6051507,1,"Silver Ink","Plates, Special Circles And Angles",15570,"ROUND PLATE 1X1 'NO. 1000'","https://www.lego.com/cdn/product-assets/element.img.lod5photo.192x192/6051507.jpg",109
"10188-1",4615594,1,"Silver Metallic","Figure, Weapons",2570,"CROSS BOW","https://www.lego.com/cdn/product-assets/element.img.lod5photo.192x192/4615594.jpg",12
"10188-1",4609612,1,"Silver Metallic","Functional Elements",53586,"Fric. element, cylinder","https://www.lego.com/cdn/product-assets/element.img.lod5photo.192x192/4609612.jpg",11
"10188-1",4620070,3,"Silver Metallic","Tubes",72504,"CORRUGATED PIPE 16MM","https://www.lego.com/cdn/product-assets/element.img.lod5photo.192x192/4620070.jpg",15
"10188-1",4620076,3,"Silver Metallic","Tubes",71944,"CORRUGATED PIPE 48MM","https://www.lego.com/cdn/product-assets/element.img.lod5photo.192x192/4620076.jpg",12
"10188-1",6129364,1,"Silver Metallic","Functional Elements",53586,"Fric. element, cylinder","https://www.lego.com/cdn/product-assets/element.img.lod5photo.192x192/6129364.jpg",13
"10188-1",3005740,36,"Transparent","Plates, Special Circles And Angles",30057,"ROUND PLATE 1X1 - TR.","https://www.lego.com/cdn/product-assets/element.img.lod5photo.192x192/3005740.jpg",454
"10188-1",4142824,1,"Transparent","Functional Elements, Gear Wheels And Racks",32239,"WORM GEAR BLOCK, TRANSP.","https://www.lego.com/cdn/product-assets/element.img.lod5photo.192x192/4142824.jpg",25
"10188-1",4244366,16,"Transparent Blue","Bricks, With Slope",50746,"ROOF TILE 1 X 1 X 2/3","https://www.lego.com/cdn/product-assets/element.img.lod5photo.192x192/4244366.jpg",117
"10188-1",4124140,1,"Transparent Brown","Gates And Roofs",83714,"FRONT 3X6X5  FRONTIE","https://www.lego.com/cdn/product-assets/element.img.lod5photo.192x192/4124140.jpg",14
"10188-1",4252631,1,"Transparent Brown","Plates, Special Circles And Angles",51956,"ROUND PLATE Ø32X6.4- TR ' J F'","https://www.lego.com/cdn/product-assets/element.img.lod5photo.192x192/4252631.jpg",10
"10188-1",4529685,18,"Transparent Brown","Plates",30070,"FLAT TILE 1X2 - TR","https://www.lego.com/cdn/product-assets/element.img.lod5photo.192x192/4529685.jpg",49
"10188-1",4570398,4,"Transparent Brown","Frames, Windows, Walls And Doors",87543,"WALL ELEMENT 1X4X3","https://www.lego.com/cdn/product-assets/element.img.lod5photo.192x192/4570398.jpg",30
"10188-1",256949,8,"Transparent Fluorescent Green","Signs, Flags And Poles",2569,"ANTENNA 1X1X8","https://www.lego.com/cdn/product-assets/element.img.lod5photo.192x192/256949.jpg",52
"10188-1",3005749,4,"Transparent Fluorescent Green","Plates, Special Circles And Angles",30057,"ROUND PLATE 1X1 - TR.","https://www.lego.com/cdn/product-assets/element.img.lod5photo.192x192/3005749.jpg",275
"10188-1",4107106,28,"Transparent Fluorescent Green","Bricks, Special Circles And Angles",30068,"ROUND BRICK 1 - TR","https://www.lego.com/cdn/product-assets/element.img.lod5photo.192x192/4107106.jpg",50
"10188-1",4124054,1,"Transparent Fluorescent Green","Signs, Flags And Poles",30374,"LIGHT SWORD - BLADE","https://www.lego.com/cdn/product-assets/element.img.lod5photo.192x192/4124054.jpg",55
"10188-1",3005747,29,"Transparent Fluorescent Reddish Orange","Plates, Special Circles And Angles",30057,"ROUND PLATE 1X1 - TR.","https://www.lego.com/cdn/product-assets/element.img.lod5photo.192x192/3005747.jpg",229
"10188-1",4124073,1,"Transparent Light Blue","Signs, Flags And Poles",30374,"LIGHT SWORD - BLADE","https://www.lego.com/cdn/product-assets/element.img.lod5photo.192x192/4124073.jpg",134
"10188-1",4178398,4,"Transparent Light Blue","Bricks, Special Circles And Angles",6116,"BRICK 2X2 ROUND II","https://www.lego.com/cdn/product-assets/element.img.lod5photo.192x192/4178398.jpg",81
"10188-1",3005741,1,"Transparent Red","Plates, Special Circles And Angles",30057,"ROUND PLATE 1X1 - TR.","https://www.lego.com/cdn/product-assets/element.img.lod5photo.192x192/3005741.jpg",832
"10188-1",4124108,1,"Transparent Red","Signs, Flags And Poles",30374,"LIGHT SWORD - BLADE","https://www.lego.com/cdn/product-assets/element.img.lod5photo.192x192/4124108.jpg",85
"10188-1",4190187,7,"Transparent Red","Plates",30244,"RADIATOR GRILLE - TR","https://www.lego.com/cdn/product-assets/element.img.lod5photo.192x192/4190187.jpg",50
"10188-1",4512015,1,"Warm Gold","Figure, Heads And Masks",30480,"C3-PO HEAD","https://www.lego.com/cdn/product-assets/element.img.lod5photo.192x192/4512015.jpg",5
"10188-1",4512021,1,"Warm Gold","Figure Parts",73200,"MINI LOWER PART","https://www.lego.com/cdn/product-assets/element.img.lod5photo.192x192/4512021.jpg",20
"10188-1",4512225,1,"Warm Gold","Figure Parts",76554,"MINI UPPER PART ' NO. 1339'","https://www.lego.com/cdn/product-assets/element.img.lod5photo.192x192/4512225.jpg",5
"10188-1",9327,1,"White","Figure Parts",73200,"MINI BODY LOWER PART WH","https://www.lego.com/cdn/product-assets/element.img.lod5photo.192x192/9327.jpg",320
"10188-1",74326,4,"White","Figure Parts",73200,"MINI LOWER PART BLAC/WHI","https://www.lego.com/cdn/product-assets/element.img.lod5photo.192x192/74326.jpg",86
"10188-1",301001,7,"White","Bricks",3010,"BRICK 1X4","https://www.lego.com/cdn/product-assets/element.img.lod5photo.192x192/301001.jpg",768
"10188-1",370901,8,"White","Plates, Special",3709,"PLATE 2X4, 3XØ4.9","https://www.lego.com/cdn/product-assets/element.img.lod5photo.192x192/370901.jpg",80
"10188-1",371001,2,"White","Plates",3710,"PLATE 1X4","https://www.lego.com/cdn/product-assets/element.img.lod5photo.192x192/371001.jpg",952
"10188-1",393801,1,"White","Functional Elements",3938,"PLATE 1X2 (ROCKING)","https://www.lego.com/cdn/product-assets/element.img.lod5photo.192x192/393801.jpg",82
"10188-1",614101,5,"White","Plates, Special Circles And Angles",6141,"ROUND PLATE 1X1","https://www.lego.com/cdn/product-assets/element.img.lod5photo.192x192/614101.jpg",627
"10188-1",663601,6,"White","Plates",6636,"FLAT TILE 1X6","https://www.lego.com/cdn/product-assets/element.img.lod5photo.192x192/663601.jpg",377
"10188-1",4124113,2,"White","Figure Accessories, Upper And Lower Part",30362,"LEG 1X2X2 2/3 W. SNAP","https://www.lego.com/cdn/product-assets/element.img.lod5photo.192x192/4124113.jpg",57
"10188-1",4142954,4,"White","Figure, Head Clothing",84468,"STORM TROOPER HELMET 'NO2'","https://www.lego.com/cdn/product-assets/element.img.lod5photo.192x192/4142954.jpg",17
"10188-1",4194011,1,"White","Bricks, Special Circles And Angles",83716,"ROUND BRICK 2X2X2 DEC.","https://www.lego.com/cdn/product-assets/element.img.lod5photo.192x192/4194011.jpg",28
"10188-1",4250465,3,"White","Functional Elements, Gear Wheels And Racks",3743,"TOOTHED BAR M=1, Z=10","https://www.lego.com/cdn/product-assets/element.img.lod5photo.192x192/4250465.jpg",12
"10188-1",4260649,2,"White","Figure Accessories, Upper And Lower Part",30377,"SPACE SKELETON ARM","https://www.lego.com/cdn/product-assets/element.img.lod5photo.192x192/4260649.jpg",43
"10188-1",4260654,1,"White","Figure Accessories, Upper And Lower Part",30376,"SPACE SKELETON LEG","https://www.lego.com/cdn/product-assets/element.img.lod5photo.192x192/4260654.jpg",4
"10188-1",4275255,4,"White","Figure Parts",76382,"MINI UPPER PART 'NO. 1143'","https://www.lego.com/cdn/product-assets/element.img.lod5photo.192x192/4275255.jpg",9
"10188-1",4510078,1,"White","Figure Parts",76382,"MINI UPPER PART NO.'1332'","https://www.lego.com/cdn/product-assets/element.img.lod5photo.192x192/4510078.jpg",4
"10188-1",4510082,1,"White","Figure Parts",76382,"MINI UPPER PART NO.'1334'","https://www.lego.com/cdn/product-assets/element.img.lod5photo.192x192/4510082.jpg",4
"10188-1",4518400,1,"White","Bricks, Special Circles And Angles",59900,"NOSE CONE SMALL 1X1","https://www.lego.com/cdn/product-assets/element.img.lod5photo.192x192/4518400.jpg",248
"10188-1",4533503,1,"White","Figure Accessories, Upper And Lower Part",30375,"SPACE SKELETON BODY","https://www.lego.com/cdn/product-assets/element.img.lod5photo.192x192/4533503.jpg",18
"10188-1",4233225,1,"White","Connectors",50451,"16M AXLE Ø 4.75 W. CROSS","https://www.lego.com/cdn/product-assets/element.img.lod5photo.192x192/4233225.jpg",16




